{"__pandas_dataframe__": {"column_order": ["loss", "categorical_accuracy", "val_loss", "val_categorical_accuracy", "lr"], "types": ["float64", "float64", "float64", "float64", "float64"]}, "index": [0, 1, 2], "loss": [1.4543319940567017, 1.3385332822799683, 1.3317607641220093], "categorical_accuracy": [0.2857142984867096, 0.337797611951828, 0.3482142984867096], "val_loss": [1.56764554977417, 1.4861301183700562, 1.3208686113357544], "val_categorical_accuracy": [0.21212121844291687, 0.39393940567970276, 0.3787878751754761], "lr": [0.0010000000474974513, 0.0010000000474974513, 0.0010000000474974513]}